"0","ggplot(df_test, aes(x = test_per_million_pop, y = pos_rate, label = state)) +
  geom_text(cex = 2.5, color = ""black"") +
  scale_y_continuous(labels = scales::percent_format(accuracy = 1)) +
  scale_x_continuous(labels = scales::comma) +
  xlab(""Tests per million population"") + ylab(""Positive rate"") + ggtitle(""Cross-State Comparison"")
  theme_minimal() + theme(legend.position = ""right"")
"
"1","List"
"1",""
"1"," of "
"1",""
"1","59"
"1",""
"1","
"
"1"," "
"1",""
"1","$ "
"1",""
"1","line                 "
"1",""
"1",":"
"1","List"
"1",""
"1"," of "
"1",""
"1","6"
"1",""
"1","
"
"1","  .."
"1",""
"1","$ "
"1",""
"1","colour       "
"1",""
"1",":"
"1"," chr "
"1",""
"1","""black"""
"1",""
"1","
"
"1","  .."
"1",""
"1","$ "
"1",""
"1","size         "
"1",""
"1",":"
"1"," num "
"1",""
"1","0.5"
"1",""
"1","
"
"1","  .."
"1",""
"1","$ "
"1",""
"1","linetype     "
"1",""
"1",":"
"1"," num "
"1",""
"1","1"
"1",""
"1","
"
"1","  .."
"1",""
"1","$ "
"1",""
"1","lineend      "
"1",""
"1",":"
"1"," chr "
"1",""
"1","""butt"""
"1",""
"1","
"
"1","  .."
"1",""
"1","$ "
"1",""
"1","arrow        "
"1",""
"1",":"
"1"," logi "
"1",""
"1","FALSE"
"1",""
"1","
"
"1","  .."
"1",""
"1","$ "
"1",""
"1","inherit.blank"
"1",""
"1",":"
"1"," logi "
"1",""
"1","TRUE"
"1",""
"1","
"
"1","  .."
"1",""
"1","- attr(*, ""class"")="
"1"," chr [1:2] "
"1",""
"1","""element_line"" ""element"""
"1",""
"1","
"
"1"," "
"1",""
"1","$ "
"1",""
"1","rect                 "
"1",""
"1",":"
"1","List"
"1",""
"1"," of "
"1",""
"1","5"
"1",""
"1","
"
"1","  .."
"1",""
"1","$ "
"1",""
"1","fill         "
"1",""
"1",":"
"1"," chr "
"1",""
"1","""white"""
"1",""
"1","
"
"1","  .."
"1",""
"1","$ "
"1",""
"1","colour       "
"1",""
"1",":"
"1"," chr "
"1",""
"1","""black"""
"1",""
"1","
"
"1","  .."
"1",""
"1","$ "
"1",""
"1","size         "
"1",""
"1",":"
"1"," num "
"1",""
"1","0.5"
"1",""
"1","
"
"1","  .."
"1",""
"1","$ "
"1",""
"1","linetype     "
"1",""
"1",":"
"1"," num "
"1",""
"1","1"
"1",""
"1","
"
"1","  .."
"1",""
"1","$ "
"1",""
"1","inherit.blank"
"1",""
"1",":"
"1"," logi "
"1",""
"1","TRUE"
"1",""
"1","
"
"1","  .."
"1",""
"1","- attr(*, ""class"")="
"1"," chr [1:2] "
"1",""
"1","""element_rect"" ""element"""
"1",""
"1","
"
"1"," "
"1",""
"1","$ "
"1",""
"1","text                 "
"1",""
"1",":"
"1","List"
"1",""
"1"," of "
"1",""
"1","11"
"1",""
"1","
"
"1","  .."
"1",""
"1","$ "
"1",""
"1","family       "
"1",""
"1",":"
"1"," chr "
"1",""
"1",""""""
"1",""
"1","
"
"1","  .."
"1",""
"1","$ "
"1",""
"1","face         "
"1",""
"1",":"
"1"," chr "
"1",""
"1","""plain"""
"1",""
"1","
"
"1","  .."
"1",""
"1","$ "
"1",""
"1","colour       "
"1",""
"1",":"
"1"," chr "
"1",""
"1","""black"""
"1",""
"1","
"
"1","  .."
"1",""
"1","$ "
"1",""
"1","size         "
"1",""
"1",":"
"1"," num "
"1",""
"1","11"
"1",""
"1","
"
"1","  .."
"1",""
"1","$ "
"1",""
"1","hjust        "
"1",""
"1",":"
"1"," num "
"1",""
"1","0.5"
"1",""
"1","
"
"1","  .."
"1",""
"1","$ "
"1",""
"1","vjust        "
"1",""
"1",":"
"1"," num "
"1",""
"1","0.5"
"1",""
"1","
"
"1","  .."
"1",""
"1","$ "
"1",""
"1","angle        "
"1",""
"1",":"
"1"," num "
"1",""
"1","0"
"1",""
"1","
"
"1","  .."
"1",""
"1","$ "
"1",""
"1","lineheight   "
"1",""
"1",":"
"1"," num "
"1",""
"1","0.9"
"1",""
"1","
"
"1","  .."
"1",""
"1","$ "
"1",""
"1","margin       "
"1",""
"1",":"
"1"," 'margin' num [1:4] "
"1",""
"1","0pt 0pt 0pt 0pt"
"1",""
"1","
"
"1","  .. .."
"1",""
"1","- attr(*, ""valid.unit"")="
"1"," int "
"1",""
"1","8"
"1",""
"1","
"
"1","  .. .."
"1",""
"1","- attr(*, ""unit"")="
"1"," chr "
"1",""
"1","""pt"""
"1",""
"1","
"
"1","  .."
"1",""
"1","$ "
"1",""
"1","debug        "
"1",""
"1",":"
"1"," logi "
"1",""
"1","FALSE"
"1",""
"1","
"
"1","  .."
"1",""
"1","$ "
"1",""
"1","inherit.blank"
"1",""
"1",":"
"1"," logi "
"1",""
"1","TRUE"
"1",""
"1","
"
"1","  .."
"1",""
"1","- attr(*, ""class"")="
"1"," chr [1:2] "
"1",""
"1","""element_text"" ""element"""
"1",""
"1","
"
"1"," "
"1",""
"1","$ "
"1",""
"1","axis.title.x         "
"1",""
"1",":"
"1","List"
"1",""
"1"," of "
"1",""
"1","11"
"1",""
"1","
"
"1","  .."
"1",""
"1","$ "
"1",""
"1","family       "
"1",""
"1",":"
"1"," NULL
"
"1","  .."
"1",""
"1","$ "
"1",""
"1","face         "
"1",""
"1",":"
"1"," NULL
"
"1","  .."
"1",""
"1","$ "
"1",""
"1","colour       "
"1",""
"1",":"
"1"," NULL
"
"1","  .."
"1",""
"1","$ "
"1",""
"1","size         "
"1",""
"1",":"
"1"," NULL
"
"1","  .."
"1",""
"1","$ "
"1",""
"1","hjust        "
"1",""
"1",":"
"1"," NULL
"
"1","  .."
"1",""
"1","$ "
"1",""
"1","vjust        "
"1",""
"1",":"
"1"," num "
"1",""
"1","1"
"1",""
"1","
"
"1","  .."
"1",""
"1","$ "
"1",""
"1","angle        "
"1",""
"1",":"
"1"," NULL
"
"1","  .."
"1",""
"1","$ "
"1",""
"1","lineheight   "
"1",""
"1",":"
"1"," NULL
"
"1","  .."
"1",""
"1","$ "
"1",""
"1","margin       "
"1",""
"1",":"
"1"," 'margin' num [1:4] "
"1",""
"1","2.75pt 0pt 0pt 0pt"
"1",""
"1","
"
"1","  .. .."
"1",""
"1","- attr(*, ""valid.unit"")="
"1"," int "
"1",""
"1","8"
"1",""
"1","
"
"1","  .. .."
"1",""
"1","- attr(*, ""unit"")="
"1"," chr "
"1",""
"1","""pt"""
"1",""
"1","
"
"1","  .."
"1",""
"1","$ "
"1",""
"1","debug        "
"1",""
"1",":"
"1"," NULL
"
"1","  .."
"1",""
"1","$ "
"1",""
"1","inherit.blank"
"1",""
"1",":"
"1"," logi "
"1",""
"1","TRUE"
"1",""
"1","
"
"1","  .."
"1",""
"1","- attr(*, ""class"")="
"1"," chr [1:2] "
"1",""
"1","""element_text"" ""element"""
"1",""
"1","
"
"1"," "
"1",""
"1","$ "
"1",""
"1","axis.title.x.top     "
"1",""
"1",":"
"1","List"
"1",""
"1"," of "
"1",""
"1","11"
"1",""
"1","
"
"1","  .."
"1",""
"1","$ "
"1",""
"1","family       "
"1",""
"1",":"
"1"," NULL
"
"1","  .."
"1",""
"1","$ "
"1",""
"1","face         "
"1",""
"1",":"
"1"," NULL
"
"1","  .."
"1",""
"1","$ "
"1",""
"1","colour       "
"1",""
"1",":"
"1"," NULL
"
"1","  .."
"1",""
"1","$ "
"1",""
"1","size         "
"1",""
"1",":"
"1"," NULL
"
"1","  .."
"1",""
"1","$ "
"1",""
"1","hjust        "
"1",""
"1",":"
"1"," NULL
"
"1","  .."
"1",""
"1","$ "
"1",""
"1","vjust        "
"1",""
"1",":"
"1"," num "
"1",""
"1","0"
"1",""
"1","
"
"1","  .."
"1",""
"1","$ "
"1",""
"1","angle        "
"1",""
"1",":"
"1"," NULL
"
"1","  .."
"1",""
"1","$ "
"1",""
"1","lineheight   "
"1",""
"1",":"
"1"," NULL
"
"1","  .."
"1",""
"1","$ "
"1",""
"1","margin       "
"1",""
"1",":"
"1"," 'margin' num [1:4] "
"1",""
"1","0pt 0pt 2.75pt 0pt"
"1",""
"1","
"
"1","  .. .."
"1",""
"1","- attr(*, ""valid.unit"")="
"1"," int "
"1",""
"1","8"
"1",""
"1","
"
"1","  .. .."
"1",""
"1","- attr(*, ""unit"")="
"1"," chr "
"1",""
"1","""pt"""
"1",""
"1","
"
"1","  .."
"1",""
"1","$ "
"1",""
"1","debug        "
"1",""
"1",":"
"1"," NULL
"
"1","  .."
"1",""
"1","$ "
"1",""
"1","inherit.blank"
"1",""
"1",":"
"1"," logi "
"1",""
"1","TRUE"
"1",""
"1","
"
"1","  .."
"1",""
"1","- attr(*, ""class"")="
"1"," chr [1:2] "
"1",""
"1","""element_text"" ""element"""
"1",""
"1","
"
"1"," "
"1",""
"1","$ "
"1",""
"1","axis.title.y         "
"1",""
"1",":"
"1","List"
"1",""
"1"," of "
"1",""
"1","11"
"1",""
"1","
"
"1","  .."
"1",""
"1","$ "
"1",""
"1","family       "
"1",""
"1",":"
"1"," NULL
"
"1","  .."
"1",""
"1","$ "
"1",""
"1","face         "
"1",""
"1",":"
"1"," NULL
"
"1","  .."
"1",""
"1","$ "
"1",""
"1","colour       "
"1",""
"1",":"
"1"," NULL
"
"1","  .."
"1",""
"1","$ "
"1",""
"1","size         "
"1",""
"1",":"
"1"," NULL
"
"1","  .."
"1",""
"1","$ "
"1",""
"1","hjust        "
"1",""
"1",":"
"1"," NULL
"
"1","  .."
"1",""
"1","$ "
"1",""
"1","vjust        "
"1",""
"1",":"
"1"," num "
"1",""
"1","1"
"1",""
"1","
"
"1","  .."
"1",""
"1","$ "
"1",""
"1","angle        "
"1",""
"1",":"
"1"," num "
"1",""
"1","90"
"1",""
"1","
"
"1","  .."
"1",""
"1","$ "
"1",""
"1","lineheight   "
"1",""
"1",":"
"1"," NULL
"
"1","  .."
"1",""
"1","$ "
"1",""
"1","margin       "
"1",""
"1",":"
"1"," 'margin' num [1:4] "
"1",""
"1","0pt 2.75pt 0pt 0pt"
"1",""
"1","
"
"1","  .. .."
"1",""
"1","- attr(*, ""valid.unit"")="
"1"," int "
"1",""
"1","8"
"1",""
"1","
"
"1","  .. .."
"1",""
"1","- attr(*, ""unit"")="
"1"," chr "
"1",""
"1","""pt"""
"1",""
"1","
"
"1","  .."
"1",""
"1","$ "
"1",""
"1","debug        "
"1",""
"1",":"
"1"," NULL
"
"1","  .."
"1",""
"1","$ "
"1",""
"1","inherit.blank"
"1",""
"1",":"
"1"," logi "
"1",""
"1","TRUE"
"1",""
"1","
"
"1","  .."
"1",""
"1","- attr(*, ""class"")="
"1"," chr [1:2] "
"1",""
"1","""element_text"" ""element"""
"1",""
"1","
"
"1"," "
"1",""
"1","$ "
"1",""
"1","axis.title.y.right   "
"1",""
"1",":"
"1","List"
"1",""
"1"," of "
"1",""
"1","11"
"1",""
"1","
"
"1","  .."
"1",""
"1","$ "
"1",""
"1","family       "
"1",""
"1",":"
"1"," NULL
"
"1","  .."
"1",""
"1","$ "
"1",""
"1","face         "
"1",""
"1",":"
"1"," NULL
"
"1","  .."
"1",""
"1","$ "
"1",""
"1","colour       "
"1",""
"1",":"
"1"," NULL
"
"1","  .."
"1",""
"1","$ "
"1",""
"1","size         "
"1",""
"1",":"
"1"," NULL
"
"1","  .."
"1",""
"1","$ "
"1",""
"1","hjust        "
"1",""
"1",":"
"1"," NULL
"
"1","  .."
"1",""
"1","$ "
"1",""
"1","vjust        "
"1",""
"1",":"
"1"," num "
"1",""
"1","0"
"1",""
"1","
"
"1","  .."
"1",""
"1","$ "
"1",""
"1","angle        "
"1",""
"1",":"
"1"," num "
"1",""
"1","-90"
"1",""
"1","
"
"1","  .."
"1",""
"1","$ "
"1",""
"1","lineheight   "
"1",""
"1",":"
"1"," NULL
"
"1","  .."
"1",""
"1","$ "
"1",""
"1","margin       "
"1",""
"1",":"
"1"," 'margin' num [1:4] "
"1",""
"1","0pt 0pt 0pt 2.75pt"
"1",""
"1","
"
"1","  .. .."
"1",""
"1","- attr(*, ""valid.unit"")="
"1"," int "
"1",""
"1","8"
"1",""
"1","
"
"1","  .. .."
"1",""
"1","- attr(*, ""unit"")="
"1"," chr "
"1",""
"1","""pt"""
"1",""
"1","
"
"1","  .."
"1",""
"1","$ "
"1",""
"1","debug        "
"1",""
"1",":"
"1"," NULL
"
"1","  .."
"1",""
"1","$ "
"1",""
"1","inherit.blank"
"1",""
"1",":"
"1"," logi "
"1",""
"1","TRUE"
"1",""
"1","
"
"1","  .."
"1",""
"1","- attr(*, ""class"")="
"1"," chr [1:2] "
"1",""
"1","""element_text"" ""element"""
"1",""
"1","
"
"1"," "
"1",""
"1","$ "
"1",""
"1","axis.text            "
"1",""
"1",":"
"1","List"
"1",""
"1"," of "
"1",""
"1","11"
"1",""
"1","
"
"1","  .."
"1",""
"1","$ "
"1",""
"1","family       "
"1",""
"1",":"
"1"," NULL
"
"1","  .."
"1",""
"1","$ "
"1",""
"1","face         "
"1",""
"1",":"
"1"," NULL
"
"1","  .."
"1",""
"1","$ "
"1",""
"1","colour       "
"1",""
"1",":"
"1"," chr "
"1",""
"1","""grey30"""
"1",""
"1","
"
"1","  .."
"1",""
"1","$ "
"1",""
"1","size         "
"1",""
"1",":"
"1"," 'rel' num "
"1",""
"1","0.8"
"1",""
"1","
"
"1","  .."
"1",""
"1","$ "
"1",""
"1","hjust        "
"1",""
"1",":"
"1"," NULL
"
"1","  .."
"1",""
"1","$ "
"1",""
"1","vjust        "
"1",""
"1",":"
"1"," NULL
"
"1","  .."
"1",""
"1","$ "
"1",""
"1","angle        "
"1",""
"1",":"
"1"," NULL
"
"1","  .."
"1",""
"1","$ "
"1",""
"1","lineheight   "
"1",""
"1",":"
"1"," NULL
"
"1","  .."
"1",""
"1","$ "
"1",""
"1","margin       "
"1",""
"1",":"
"1"," NULL
"
"1","  .."
"1",""
"1","$ "
"1",""
"1","debug        "
"1",""
"1",":"
"1"," NULL
"
"1","  .."
"1",""
"1","$ "
"1",""
"1","inherit.blank"
"1",""
"1",":"
"1"," logi "
"1",""
"1","TRUE"
"1",""
"1","
"
"1","  .."
"1",""
"1","- attr(*, ""class"")="
"1"," chr [1:2] "
"1",""
"1","""element_text"" ""element"""
"1",""
"1","
"
"1"," "
"1",""
"1","$ "
"1",""
"1","axis.text.x          "
"1",""
"1",":"
"1","List"
"1",""
"1"," of "
"1",""
"1","11"
"1",""
"1","
"
"1","  .."
"1",""
"1","$ "
"1",""
"1","family       "
"1",""
"1",":"
"1"," NULL
"
"1","  .."
"1",""
"1","$ "
"1",""
"1","face         "
"1",""
"1",":"
"1"," NULL
"
"1","  .."
"1",""
"1","$ "
"1",""
"1","colour       "
"1",""
"1",":"
"1"," NULL
"
"1","  .."
"1",""
"1","$ "
"1",""
"1","size         "
"1",""
"1",":"
"1"," NULL
"
"1","  .."
"1",""
"1","$ "
"1",""
"1","hjust        "
"1",""
"1",":"
"1"," NULL
"
"1","  .."
"1",""
"1","$ "
"1",""
"1","vjust        "
"1",""
"1",":"
"1"," num "
"1",""
"1","1"
"1",""
"1","
"
"1","  .."
"1",""
"1","$ "
"1",""
"1","angle        "
"1",""
"1",":"
"1"," NULL
"
"1","  .."
"1",""
"1","$ "
"1",""
"1","lineheight   "
"1",""
"1",":"
"1"," NULL
"
"1","  .."
"1",""
"1","$ "
"1",""
"1","margin       "
"1",""
"1",":"
"1"," 'margin' num [1:4] "
"1",""
"1","2.2pt 0pt 0pt 0pt"
"1",""
"1","
"
"1","  .. .."
"1",""
"1","- attr(*, ""valid.unit"")="
"1"," int "
"1",""
"1","8"
"1",""
"1","
"
"1","  .. .."
"1",""
"1","- attr(*, ""unit"")="
"1"," chr "
"1",""
"1","""pt"""
"1",""
"1","
"
"1","  .."
"1",""
"1","$ "
"1",""
"1","debug        "
"1",""
"1",":"
"1"," NULL
"
"1","  .."
"1",""
"1","$ "
"1",""
"1","inherit.blank"
"1",""
"1",":"
"1"," logi "
"1",""
"1","TRUE"
"1",""
"1","
"
"1","  .."
"1",""
"1","- attr(*, ""class"")="
"1"," chr [1:2] "
"1",""
"1","""element_text"" ""element"""
"1",""
"1","
"
"1"," "
"1",""
"1","$ "
"1",""
"1","axis.text.x.top      "
"1",""
"1",":"
"1","List"
"1",""
"1"," of "
"1",""
"1","11"
"1",""
"1","
"
"1","  .."
"1",""
"1","$ "
"1",""
"1","family       "
"1",""
"1",":"
"1"," NULL
"
"1","  .."
"1",""
"1","$ "
"1",""
"1","face         "
"1",""
"1",":"
"1"," NULL
"
"1","  .."
"1",""
"1","$ "
"1",""
"1","colour       "
"1",""
"1",":"
"1"," NULL
"
"1","  .."
"1",""
"1","$ "
"1",""
"1","size         "
"1",""
"1",":"
"1"," NULL
"
"1","  .."
"1",""
"1","$ "
"1",""
"1","hjust        "
"1",""
"1",":"
"1"," NULL
"
"1","  .."
"1",""
"1","$ "
"1",""
"1","vjust        "
"1",""
"1",":"
"1"," num "
"1",""
"1","0"
"1",""
"1","
"
"1","  .."
"1",""
"1","$ "
"1",""
"1","angle        "
"1",""
"1",":"
"1"," NULL
"
"1","  .."
"1",""
"1","$ "
"1",""
"1","lineheight   "
"1",""
"1",":"
"1"," NULL
"
"1","  .."
"1",""
"1","$ "
"1",""
"1","margin       "
"1",""
"1",":"
"1"," 'margin' num [1:4] "
"1",""
"1","0pt 0pt 2.2pt 0pt"
"1",""
"1","
"
"1","  .. .."
"1",""
"1","- attr(*, ""valid.unit"")="
"1"," int "
"1",""
"1","8"
"1",""
"1","
"
"1","  .. .."
"1",""
"1","- attr(*, ""unit"")="
"1"," chr "
"1",""
"1","""pt"""
"1",""
"1","
"
"1","  .."
"1",""
"1","$ "
"1",""
"1","debug        "
"1",""
"1",":"
"1"," NULL
"
"1","  .."
"1",""
"1","$ "
"1",""
"1","inherit.blank"
"1",""
"1",":"
"1"," logi "
"1",""
"1","TRUE"
"1",""
"1","
"
"1","  .."
"1",""
"1","- attr(*, ""class"")="
"1"," chr [1:2] "
"1",""
"1","""element_text"" ""element"""
"1",""
"1","
"
"1"," "
"1",""
"1","$ "
"1",""
"1","axis.text.y          "
"1",""
"1",":"
"1","List"
"1",""
"1"," of "
"1",""
"1","11"
"1",""
"1","
"
"1","  .."
"1",""
"1","$ "
"1",""
"1","family       "
"1",""
"1",":"
"1"," NULL
"
"1","  .."
"1",""
"1","$ "
"1",""
"1","face         "
"1",""
"1",":"
"1"," NULL
"
"1","  .."
"1",""
"1","$ "
"1",""
"1","colour       "
"1",""
"1",":"
"1"," NULL
"
"1","  .."
"1",""
"1","$ "
"1",""
"1","size         "
"1",""
"1",":"
"1"," NULL
"
"1","  .."
"1",""
"1","$ "
"1",""
"1","hjust        "
"1",""
"1",":"
"1"," num "
"1",""
"1","1"
"1",""
"1","
"
"1","  .."
"1",""
"1","$ "
"1",""
"1","vjust        "
"1",""
"1",":"
"1"," NULL
"
"1","  .."
"1",""
"1","$ "
"1",""
"1","angle        "
"1",""
"1",":"
"1"," NULL
"
"1","  .."
"1",""
"1","$ "
"1",""
"1","lineheight   "
"1",""
"1",":"
"1"," NULL
"
"1","  .."
"1",""
"1","$ "
"1",""
"1","margin       "
"1",""
"1",":"
"1"," 'margin' num [1:4] "
"1",""
"1","0pt 2.2pt 0pt 0pt"
"1",""
"1","
"
"1","  .. .."
"1",""
"1","- attr(*, ""valid.unit"")="
"1"," int "
"1",""
"1","8"
"1",""
"1","
"
"1","  .. .."
"1",""
"1","- attr(*, ""unit"")="
"1"," chr "
"1",""
"1","""pt"""
"1",""
"1","
"
"1","  .."
"1",""
"1","$ "
"1",""
"1","debug        "
"1",""
"1",":"
"1"," NULL
"
"1","  .."
"1",""
"1","$ "
"1",""
"1","inherit.blank"
"1",""
"1",":"
"1"," logi "
"1",""
"1","TRUE"
"1",""
"1","
"
"1","  .."
"1",""
"1","- attr(*, ""class"")="
"1"," chr [1:2] "
"1",""
"1","""element_text"" ""element"""
"1",""
"1","
"
"1"," "
"1",""
"1","$ "
"1",""
"1","axis.text.y.right    "
"1",""
"1",":"
"1","List"
"1",""
"1"," of "
"1",""
"1","11"
"1",""
"1","
"
"1","  .."
"1",""
"1","$ "
"1",""
"1","family       "
"1",""
"1",":"
"1"," NULL
"
"1","  .."
"1",""
"1","$ "
"1",""
"1","face         "
"1",""
"1",":"
"1"," NULL
"
"1","  .."
"1",""
"1","$ "
"1",""
"1","colour       "
"1",""
"1",":"
"1"," NULL
"
"1","  .."
"1",""
"1","$ "
"1",""
"1","size         "
"1",""
"1",":"
"1"," NULL
"
"1","  .."
"1",""
"1","$ "
"1",""
"1","hjust        "
"1",""
"1",":"
"1"," num "
"1",""
"1","0"
"1",""
"1","
"
"1","  .."
"1",""
"1","$ "
"1",""
"1","vjust        "
"1",""
"1",":"
"1"," NULL
"
"1","  .."
"1",""
"1","$ "
"1",""
"1","angle        "
"1",""
"1",":"
"1"," NULL
"
"1","  .."
"1",""
"1","$ "
"1",""
"1","lineheight   "
"1",""
"1",":"
"1"," NULL
"
"1","  .."
"1",""
"1","$ "
"1",""
"1","margin       "
"1",""
"1",":"
"1"," 'margin' num [1:4] "
"1",""
"1","0pt 0pt 0pt 2.2pt"
"1",""
"1","
"
"1","  .. .."
"1",""
"1","- attr(*, ""valid.unit"")="
"1"," int "
"1",""
"1","8"
"1",""
"1","
"
"1","  .. .."
"1",""
"1","- attr(*, ""unit"")="
"1"," chr "
"1",""
"1","""pt"""
"1",""
"1","
"
"1","  .."
"1",""
"1","$ "
"1",""
"1","debug        "
"1",""
"1",":"
"1"," NULL
"
"1","  .."
"1",""
"1","$ "
"1",""
"1","inherit.blank"
"1",""
"1",":"
"1"," logi "
"1",""
"1","TRUE"
"1",""
"1","
"
"1","  .."
"1",""
"1","- attr(*, ""class"")="
"1"," chr [1:2] "
"1",""
"1","""element_text"" ""element"""
"1",""
"1","
"
"1"," "
"1",""
"1","$ "
"1",""
"1","axis.ticks           "
"1",""
"1",":"
"1"," "
"1",""
"1","list()
"
"1","  .."
"1",""
"1","- attr(*, ""class"")="
"1"," chr [1:2] "
"1",""
"1","""element_blank"" ""element"""
"1",""
"1","
"
"1"," "
"1",""
"1","$ "
"1",""
"1","axis.ticks.length    "
"1",""
"1",":"
"1"," 'unit' num "
"1",""
"1","2.75pt"
"1",""
"1","
"
"1","  .."
"1",""
"1","- attr(*, ""valid.unit"")="
"1"," int "
"1",""
"1","8"
"1",""
"1","
"
"1","  .."
"1",""
"1","- attr(*, ""unit"")="
"1"," chr "
"1",""
"1","""pt"""
"1",""
"1","
"
"1"," "
"1",""
"1","$ "
"1",""
"1","axis.line            "
"1",""
"1",":"
"1"," "
"1",""
"1","list()
"
"1","  .."
"1",""
"1","- attr(*, ""class"")="
"1"," chr [1:2] "
"1",""
"1","""element_blank"" ""element"""
"1",""
"1","
"
"1"," "
"1",""
"1","$ "
"1",""
"1","axis.line.x          "
"1",""
"1",":"
"1"," NULL
"
"1"," "
"1",""
"1","$ "
"1",""
"1","axis.line.y          "
"1",""
"1",":"
"1"," NULL
"
"1"," "
"1",""
"1","$ "
"1",""
"1","legend.background    "
"1",""
"1",":"
"1"," "
"1",""
"1","list()
"
"1","  .."
"1",""
"1","- attr(*, ""class"")="
"1"," chr [1:2] "
"1",""
"1","""element_blank"" ""element"""
"1",""
"1","
"
"1"," "
"1",""
"1","$ "
"1",""
"1","legend.margin        "
"1",""
"1",":"
"1"," 'margin' num [1:4] "
"1",""
"1","5.5pt 5.5pt 5.5pt 5.5pt"
"1",""
"1","
"
"1","  .."
"1",""
"1","- attr(*, ""valid.unit"")="
"1"," int "
"1",""
"1","8"
"1",""
"1","
"
"1","  .."
"1",""
"1","- attr(*, ""unit"")="
"1"," chr "
"1",""
"1","""pt"""
"1",""
"1","
"
"1"," "
"1",""
"1","$ "
"1",""
"1","legend.spacing       "
"1",""
"1",":"
"1"," 'unit' num "
"1",""
"1","11pt"
"1",""
"1","
"
"1","  .."
"1",""
"1","- attr(*, ""valid.unit"")="
"1"," int "
"1",""
"1","8"
"1",""
"1","
"
"1","  .."
"1",""
"1","- attr(*, ""unit"")="
"1"," chr "
"1",""
"1","""pt"""
"1",""
"1","
"
"1"," "
"1",""
"1","$ "
"1",""
"1","legend.spacing.x     "
"1",""
"1",":"
"1"," NULL
"
"1"," "
"1",""
"1","$ "
"1",""
"1","legend.spacing.y     "
"1",""
"1",":"
"1"," NULL
"
"1"," "
"1",""
"1","$ "
"1",""
"1","legend.key           "
"1",""
"1",":"
"1"," "
"1",""
"1","list()
"
"1","  .."
"1",""
"1","- attr(*, ""class"")="
"1"," chr [1:2] "
"1",""
"1","""element_blank"" ""element"""
"1",""
"1","
"
"1"," "
"1",""
"1","$ "
"1",""
"1","legend.key.size      "
"1",""
"1",":"
"1"," 'unit' num "
"1",""
"1","1.2lines"
"1",""
"1","
"
"1","  .."
"1",""
"1","- attr(*, ""valid.unit"")="
"1"," int "
"1",""
"1","3"
"1",""
"1","
"
"1","  .."
"1",""
"1","- attr(*, ""unit"")="
"1"," chr "
"1",""
"1","""lines"""
"1",""
"1","
"
"1"," "
"1",""
"1","$ "
"1",""
"1","legend.key.height    "
"1",""
"1",":"
"1"," NULL
"
"1"," "
"1",""
"1","$ "
"1",""
"1","legend.key.width     "
"1",""
"1",":"
"1"," NULL
"
"1"," "
"1",""
"1","$ "
"1",""
"1","legend.text          "
"1",""
"1",":"
"1","List"
"1",""
"1"," of "
"1",""
"1","11"
"1",""
"1","
"
"1","  .."
"1",""
"1","$ "
"1",""
"1","family       "
"1",""
"1",":"
"1"," NULL
"
"1","  .."
"1",""
"1","$ "
"1",""
"1","face         "
"1",""
"1",":"
"1"," NULL
"
"1","  .."
"1",""
"1","$ "
"1",""
"1","colour       "
"1",""
"1",":"
"1"," NULL
"
"1","  .."
"1",""
"1","$ "
"1",""
"1","size         "
"1",""
"1",":"
"1"," 'rel' num "
"1",""
"1","0.8"
"1",""
"1","
"
"1","  .."
"1",""
"1","$ "
"1",""
"1","hjust        "
"1",""
"1",":"
"1"," NULL
"
"1","  .."
"1",""
"1","$ "
"1",""
"1","vjust        "
"1",""
"1",":"
"1"," NULL
"
"1","  .."
"1",""
"1","$ "
"1",""
"1","angle        "
"1",""
"1",":"
"1"," NULL
"
"1","  .."
"1",""
"1","$ "
"1",""
"1","lineheight   "
"1",""
"1",":"
"1"," NULL
"
"1","  .."
"1",""
"1","$ "
"1",""
"1","margin       "
"1",""
"1",":"
"1"," NULL
"
"1","  .."
"1",""
"1","$ "
"1",""
"1","debug        "
"1",""
"1",":"
"1"," NULL
"
"1","  .."
"1",""
"1","$ "
"1",""
"1","inherit.blank"
"1",""
"1",":"
"1"," logi "
"1",""
"1","TRUE"
"1",""
"1","
"
"1","  .."
"1",""
"1","- attr(*, ""class"")="
"1"," chr [1:2] "
"1",""
"1","""element_text"" ""element"""
"1",""
"1","
"
"1"," "
"1",""
"1","$ "
"1",""
"1","legend.text.align    "
"1",""
"1",":"
"1"," NULL
"
"1"," "
"1",""
"1","$ "
"1",""
"1","legend.title         "
"1",""
"1",":"
"1","List"
"1",""
"1"," of "
"1",""
"1","11"
"1",""
"1","
"
"1","  .."
"1",""
"1","$ "
"1",""
"1","family       "
"1",""
"1",":"
"1"," NULL
"
"1","  .."
"1",""
"1","$ "
"1",""
"1","face         "
"1",""
"1",":"
"1"," NULL
"
"1","  .."
"1",""
"1","$ "
"1",""
"1","colour       "
"1",""
"1",":"
"1"," NULL
"
"1","  .."
"1",""
"1","$ "
"1",""
"1","size         "
"1",""
"1",":"
"1"," NULL
"
"1","  .."
"1",""
"1","$ "
"1",""
"1","hjust        "
"1",""
"1",":"
"1"," num "
"1",""
"1","0"
"1",""
"1","
"
"1","  .."
"1",""
"1","$ "
"1",""
"1","vjust        "
"1",""
"1",":"
"1"," NULL
"
"1","  .."
"1",""
"1","$ "
"1",""
"1","angle        "
"1",""
"1",":"
"1"," NULL
"
"1","  .."
"1",""
"1","$ "
"1",""
"1","lineheight   "
"1",""
"1",":"
"1"," NULL
"
"1","  .."
"1",""
"1","$ "
"1",""
"1","margin       "
"1",""
"1",":"
"1"," NULL
"
"1","  .."
"1",""
"1","$ "
"1",""
"1","debug        "
"1",""
"1",":"
"1"," NULL
"
"1","  .."
"1",""
"1","$ "
"1",""
"1","inherit.blank"
"1",""
"1",":"
"1"," logi "
"1",""
"1","TRUE"
"1",""
"1","
"
"1","  .."
"1",""
"1","- attr(*, ""class"")="
"1"," chr [1:2] "
"1",""
"1","""element_text"" ""element"""
"1",""
"1","
"
"1"," "
"1",""
"1","$ "
"1",""
"1","legend.title.align   "
"1",""
"1",":"
"1"," NULL
"
"1"," "
"1",""
"1","$ "
"1",""
"1","legend.position      "
"1",""
"1",":"
"1"," chr "
"1",""
"1","""right"""
"1",""
"1","
"
"1"," "
"1",""
"1","$ "
"1",""
"1","legend.direction     "
"1",""
"1",":"
"1"," NULL
"
"1"," "
"1",""
"1","$ "
"1",""
"1","legend.justification "
"1",""
"1",":"
"1"," chr "
"1",""
"1","""center"""
"1",""
"1","
"
"1"," "
"1",""
"1","$ "
"1",""
"1","legend.box           "
"1",""
"1",":"
"1"," NULL
"
"1"," "
"1",""
"1","$ "
"1",""
"1","legend.box.margin    "
"1",""
"1",":"
"1"," 'margin' num [1:4] "
"1",""
"1","0cm 0cm 0cm 0cm"
"1",""
"1","
"
"1","  .."
"1",""
"1","- attr(*, ""valid.unit"")="
"1"," int "
"1",""
"1","1"
"1",""
"1","
"
"1","  .."
"1",""
"1","- attr(*, ""unit"")="
"1"," chr "
"1",""
"1","""cm"""
"1",""
"1","
"
"1"," "
"1",""
"1","$ "
"1",""
"1","legend.box.background"
"1",""
"1",":"
"1"," "
"1",""
"1","list()
"
"1","  .."
"1",""
"1","- attr(*, ""class"")="
"1"," chr [1:2] "
"1",""
"1","""element_blank"" ""element"""
"1",""
"1","
"
"1"," "
"1",""
"1","$ "
"1",""
"1","legend.box.spacing   "
"1",""
"1",":"
"1"," 'unit' num "
"1",""
"1","11pt"
"1",""
"1","
"
"1","  .."
"1",""
"1","- attr(*, ""valid.unit"")="
"1"," int "
"1",""
"1","8"
"1",""
"1","
"
"1","  .."
"1",""
"1","- attr(*, ""unit"")="
"1"," chr "
"1",""
"1","""pt"""
"1",""
"1","
"
"1"," "
"1",""
"1","$ "
"1",""
"1","panel.background     "
"1",""
"1",":"
"1"," "
"1",""
"1","list()
"
"1","  .."
"1",""
"1","- attr(*, ""class"")="
"1"," chr [1:2] "
"1",""
"1","""element_blank"" ""element"""
"1",""
"1","
"
"1"," "
"1",""
"1","$ "
"1",""
"1","panel.border         "
"1",""
"1",":"
"1"," "
"1",""
"1","list()
"
"1","  .."
"1",""
"1","- attr(*, ""class"")="
"1"," chr [1:2] "
"1",""
"1","""element_blank"" ""element"""
"1",""
"1","
"
"1"," "
"1",""
"1","$ "
"1",""
"1","panel.spacing        "
"1",""
"1",":"
"1"," 'unit' num "
"1",""
"1","5.5pt"
"1",""
"1","
"
"1","  .."
"1",""
"1","- attr(*, ""valid.unit"")="
"1"," int "
"1",""
"1","8"
"1",""
"1","
"
"1","  .."
"1",""
"1","- attr(*, ""unit"")="
"1"," chr "
"1",""
"1","""pt"""
"1",""
"1","
"
"1"," "
"1",""
"1","$ "
"1",""
"1","panel.spacing.x      "
"1",""
"1",":"
"1"," NULL
"
"1"," "
"1",""
"1","$ "
"1",""
"1","panel.spacing.y      "
"1",""
"1",":"
"1"," NULL
"
"1"," "
"1",""
"1","$ "
"1",""
"1","panel.grid           "
"1",""
"1",":"
"1","List"
"1",""
"1"," of "
"1",""
"1","6"
"1",""
"1","
"
"1","  .."
"1",""
"1","$ "
"1",""
"1","colour       "
"1",""
"1",":"
"1"," chr "
"1",""
"1","""grey92"""
"1",""
"1","
"
"1","  .."
"1",""
"1","$ "
"1",""
"1","size         "
"1",""
"1",":"
"1"," NULL
"
"1","  .."
"1",""
"1","$ "
"1",""
"1","linetype     "
"1",""
"1",":"
"1"," NULL
"
"1","  .."
"1",""
"1","$ "
"1",""
"1","lineend      "
"1",""
"1",":"
"1"," NULL
"
"1","  .."
"1",""
"1","$ "
"1",""
"1","arrow        "
"1",""
"1",":"
"1"," logi "
"1",""
"1","FALSE"
"1",""
"1","
"
"1","  .."
"1",""
"1","$ "
"1",""
"1","inherit.blank"
"1",""
"1",":"
"1"," logi "
"1",""
"1","TRUE"
"1",""
"1","
"
"1","  .."
"1",""
"1","- attr(*, ""class"")="
"1"," chr [1:2] "
"1",""
"1","""element_line"" ""element"""
"1",""
"1","
"
"1"," "
"1",""
"1","$ "
"1",""
"1","panel.grid.minor     "
"1",""
"1",":"
"1","List"
"1",""
"1"," of "
"1",""
"1","6"
"1",""
"1","
"
"1","  .."
"1",""
"1","$ "
"1",""
"1","colour       "
"1",""
"1",":"
"1"," NULL
"
"1","  .."
"1",""
"1","$ "
"1",""
"1","size         "
"1",""
"1",":"
"1"," 'rel' num "
"1",""
"1","0.5"
"1",""
"1","
"
"1","  .."
"1",""
"1","$ "
"1",""
"1","linetype     "
"1",""
"1",":"
"1"," NULL
"
"1","  .."
"1",""
"1","$ "
"1",""
"1","lineend      "
"1",""
"1",":"
"1"," NULL
"
"1","  .."
"1",""
"1","$ "
"1",""
"1","arrow        "
"1",""
"1",":"
"1"," logi "
"1",""
"1","FALSE"
"1",""
"1","
"
"1","  .."
"1",""
"1","$ "
"1",""
"1","inherit.blank"
"1",""
"1",":"
"1"," logi "
"1",""
"1","TRUE"
"1",""
"1","
"
"1","  .."
"1",""
"1","- attr(*, ""class"")="
"1"," chr [1:2] "
"1",""
"1","""element_line"" ""element"""
"1",""
"1","
"
"1"," "
"1",""
"1","$ "
"1",""
"1","panel.ontop          "
"1",""
"1",":"
"1"," logi "
"1",""
"1","FALSE"
"1",""
"1","
"
"1"," "
"1",""
"1","$ "
"1",""
"1","plot.background      "
"1",""
"1",":"
"1"," "
"1",""
"1","list()
"
"1","  .."
"1",""
"1","- attr(*, ""class"")="
"1"," chr [1:2] "
"1",""
"1","""element_blank"" ""element"""
"1",""
"1","
"
"1"," "
"1",""
"1","$ "
"1",""
"1","plot.title           "
"1",""
"1",":"
"1","List"
"1",""
"1"," of "
"1",""
"1","11"
"1",""
"1","
"
"1","  .."
"1",""
"1","$ "
"1",""
"1","family       "
"1",""
"1",":"
"1"," NULL
"
"1","  .."
"1",""
"1","$ "
"1",""
"1","face         "
"1",""
"1",":"
"1"," NULL
"
"1","  .."
"1",""
"1","$ "
"1",""
"1","colour       "
"1",""
"1",":"
"1"," NULL
"
"1","  .."
"1",""
"1","$ "
"1",""
"1","size         "
"1",""
"1",":"
"1"," 'rel' num "
"1",""
"1","1.2"
"1",""
"1","
"
"1","  .."
"1",""
"1","$ "
"1",""
"1","hjust        "
"1",""
"1",":"
"1"," num "
"1",""
"1","0"
"1",""
"1","
"
"1","  .."
"1",""
"1","$ "
"1",""
"1","vjust        "
"1",""
"1",":"
"1"," num "
"1",""
"1","1"
"1",""
"1","
"
"1","  .."
"1",""
"1","$ "
"1",""
"1","angle        "
"1",""
"1",":"
"1"," NULL
"
"1","  .."
"1",""
"1","$ "
"1",""
"1","lineheight   "
"1",""
"1",":"
"1"," NULL
"
"1","  .."
"1",""
"1","$ "
"1",""
"1","margin       "
"1",""
"1",":"
"1"," 'margin' num [1:4] "
"1",""
"1","0pt 0pt 5.5pt 0pt"
"1",""
"1","
"
"1","  .. .."
"1",""
"1","- attr(*, ""valid.unit"")="
"1"," int "
"1",""
"1","8"
"1",""
"1","
"
"1","  .. .."
"1",""
"1","- attr(*, ""unit"")="
"1"," chr "
"1",""
"1","""pt"""
"1",""
"1","
"
"1","  .."
"1",""
"1","$ "
"1",""
"1","debug        "
"1",""
"1",":"
"1"," NULL
"
"1","  .."
"1",""
"1","$ "
"1",""
"1","inherit.blank"
"1",""
"1",":"
"1"," logi "
"1",""
"1","TRUE"
"1",""
"1","
"
"1","  .."
"1",""
"1","- attr(*, ""class"")="
"1"," chr [1:2] "
"1",""
"1","""element_text"" ""element"""
"1",""
"1","
"
"1"," "
"1",""
"1","$ "
"1",""
"1","plot.subtitle        "
"1",""
"1",":"
"1","List"
"1",""
"1"," of "
"1",""
"1","11"
"1",""
"1","
"
"1","  .."
"1",""
"1","$ "
"1",""
"1","family       "
"1",""
"1",":"
"1"," NULL
"
"1","  .."
"1",""
"1","$ "
"1",""
"1","face         "
"1",""
"1",":"
"1"," NULL
"
"1","  .."
"1",""
"1","$ "
"1",""
"1","colour       "
"1",""
"1",":"
"1"," NULL
"
"1","  .."
"1",""
"1","$ "
"1",""
"1","size         "
"1",""
"1",":"
"1"," NULL
"
"1","  .."
"1",""
"1","$ "
"1",""
"1","hjust        "
"1",""
"1",":"
"1"," num "
"1",""
"1","0"
"1",""
"1","
"
"1","  .."
"1",""
"1","$ "
"1",""
"1","vjust        "
"1",""
"1",":"
"1"," num "
"1",""
"1","1"
"1",""
"1","
"
"1","  .."
"1",""
"1","$ "
"1",""
"1","angle        "
"1",""
"1",":"
"1"," NULL
"
"1","  .."
"1",""
"1","$ "
"1",""
"1","lineheight   "
"1",""
"1",":"
"1"," NULL
"
"1","  .."
"1",""
"1","$ "
"1",""
"1","margin       "
"1",""
"1",":"
"1"," 'margin' num [1:4] "
"1",""
"1","0pt 0pt 5.5pt 0pt"
"1",""
"1","
"
"1","  .. .."
"1",""
"1","- attr(*, ""valid.unit"")="
"1"," int "
"1",""
"1","8"
"1",""
"1","
"
"1","  .. .."
"1",""
"1","- attr(*, ""unit"")="
"1"," chr "
"1",""
"1","""pt"""
"1",""
"1","
"
"1","  .."
"1",""
"1","$ "
"1",""
"1","debug        "
"1",""
"1",":"
"1"," NULL
"
"1","  .."
"1",""
"1","$ "
"1",""
"1","inherit.blank"
"1",""
"1",":"
"1"," logi "
"1",""
"1","TRUE"
"1",""
"1","
"
"1","  .."
"1",""
"1","- attr(*, ""class"")="
"1"," chr [1:2] "
"1",""
"1","""element_text"" ""element"""
"1",""
"1","
"
"1"," "
"1",""
"1","$ "
"1",""
"1","plot.caption         "
"1",""
"1",":"
"1","List"
"1",""
"1"," of "
"1",""
"1","11"
"1",""
"1","
"
"1","  .."
"1",""
"1","$ "
"1",""
"1","family       "
"1",""
"1",":"
"1"," NULL
"
"1","  .."
"1",""
"1","$ "
"1",""
"1","face         "
"1",""
"1",":"
"1"," NULL
"
"1","  .."
"1",""
"1","$ "
"1",""
"1","colour       "
"1",""
"1",":"
"1"," NULL
"
"1","  .."
"1",""
"1","$ "
"1",""
"1","size         "
"1",""
"1",":"
"1"," 'rel' num "
"1",""
"1","0.8"
"1",""
"1","
"
"1","  .."
"1",""
"1","$ "
"1",""
"1","hjust        "
"1",""
"1",":"
"1"," num "
"1",""
"1","1"
"1",""
"1","
"
"1","  .."
"1",""
"1","$ "
"1",""
"1","vjust        "
"1",""
"1",":"
"1"," num "
"1",""
"1","1"
"1",""
"1","
"
"1","  .."
"1",""
"1","$ "
"1",""
"1","angle        "
"1",""
"1",":"
"1"," NULL
"
"1","  .."
"1",""
"1","$ "
"1",""
"1","lineheight   "
"1",""
"1",":"
"1"," NULL
"
"1","  .."
"1",""
"1","$ "
"1",""
"1","margin       "
"1",""
"1",":"
"1"," 'margin' num [1:4] "
"1",""
"1","5.5pt 0pt 0pt 0pt"
"1",""
"1","
"
"1","  .. .."
"1",""
"1","- attr(*, ""valid.unit"")="
"1"," int "
"1",""
"1","8"
"1",""
"1","
"
"1","  .. .."
"1",""
"1","- attr(*, ""unit"")="
"1"," chr "
"1",""
"1","""pt"""
"1",""
"1","
"
"1","  .."
"1",""
"1","$ "
"1",""
"1","debug        "
"1",""
"1",":"
"1"," NULL
"
"1","  .."
"1",""
"1","$ "
"1",""
"1","inherit.blank"
"1",""
"1",":"
"1"," logi "
"1",""
"1","TRUE"
"1",""
"1","
"
"1","  .."
"1",""
"1","- attr(*, ""class"")="
"1"," chr [1:2] "
"1",""
"1","""element_text"" ""element"""
"1",""
"1","
"
"1"," "
"1",""
"1","$ "
"1",""
"1","plot.tag             "
"1",""
"1",":"
"1","List"
"1",""
"1"," of "
"1",""
"1","11"
"1",""
"1","
"
"1","  .."
"1",""
"1","$ "
"1",""
"1","family       "
"1",""
"1",":"
"1"," NULL
"
"1","  .."
"1",""
"1","$ "
"1",""
"1","face         "
"1",""
"1",":"
"1"," NULL
"
"1","  .."
"1",""
"1","$ "
"1",""
"1","colour       "
"1",""
"1",":"
"1"," NULL
"
"1","  .."
"1",""
"1","$ "
"1",""
"1","size         "
"1",""
"1",":"
"1"," 'rel' num "
"1",""
"1","1.2"
"1",""
"1","
"
"1","  .."
"1",""
"1","$ "
"1",""
"1","hjust        "
"1",""
"1",":"
"1"," num "
"1",""
"1","0.5"
"1",""
"1","
"
"1","  .."
"1",""
"1","$ "
"1",""
"1","vjust        "
"1",""
"1",":"
"1"," num "
"1",""
"1","0.5"
"1",""
"1","
"
"1","  .."
"1",""
"1","$ "
"1",""
"1","angle        "
"1",""
"1",":"
"1"," NULL
"
"1","  .."
"1",""
"1","$ "
"1",""
"1","lineheight   "
"1",""
"1",":"
"1"," NULL
"
"1","  .."
"1",""
"1","$ "
"1",""
"1","margin       "
"1",""
"1",":"
"1"," NULL
"
"1","  .."
"1",""
"1","$ "
"1",""
"1","debug        "
"1",""
"1",":"
"1"," NULL
"
"1","  .."
"1",""
"1","$ "
"1",""
"1","inherit.blank"
"1",""
"1",":"
"1"," logi "
"1",""
"1","TRUE"
"1",""
"1","
"
"1","  .."
"1",""
"1","- attr(*, ""class"")="
"1"," chr [1:2] "
"1",""
"1","""element_text"" ""element"""
"1",""
"1","
"
"1"," "
"1",""
"1","$ "
"1",""
"1","plot.tag.position    "
"1",""
"1",":"
"1"," chr "
"1",""
"1","""topleft"""
"1",""
"1","
"
"1"," "
"1",""
"1","$ "
"1",""
"1","plot.margin          "
"1",""
"1",":"
"1"," 'margin' num [1:4] "
"1",""
"1","5.5pt 5.5pt 5.5pt 5.5pt"
"1",""
"1","
"
"1","  .."
"1",""
"1","- attr(*, ""valid.unit"")="
"1"," int "
"1",""
"1","8"
"1",""
"1","
"
"1","  .."
"1",""
"1","- attr(*, ""unit"")="
"1"," chr "
"1",""
"1","""pt"""
"1",""
"1","
"
"1"," "
"1",""
"1","$ "
"1",""
"1","strip.background     "
"1",""
"1",":"
"1"," "
"1",""
"1","list()
"
"1","  .."
"1",""
"1","- attr(*, ""class"")="
"1"," chr [1:2] "
"1",""
"1","""element_blank"" ""element"""
"1",""
"1","
"
"1"," "
"1",""
"1","$ "
"1",""
"1","strip.placement      "
"1",""
"1",":"
"1"," chr "
"1",""
"1","""inside"""
"1",""
"1","
"
"1"," "
"1",""
"1","$ "
"1",""
"1","strip.text           "
"1",""
"1",":"
"1","List"
"1",""
"1"," of "
"1",""
"1","11"
"1",""
"1","
"
"1","  .."
"1",""
"1","$ "
"1",""
"1","family       "
"1",""
"1",":"
"1"," NULL
"
"1","  .."
"1",""
"1","$ "
"1",""
"1","face         "
"1",""
"1",":"
"1"," NULL
"
"1","  .."
"1",""
"1","$ "
"1",""
"1","colour       "
"1",""
"1",":"
"1"," chr "
"1",""
"1","""grey10"""
"1",""
"1","
"
"1","  .."
"1",""
"1","$ "
"1",""
"1","size         "
"1",""
"1",":"
"1"," 'rel' num "
"1",""
"1","0.8"
"1",""
"1","
"
"1","  .."
"1",""
"1","$ "
"1",""
"1","hjust        "
"1",""
"1",":"
"1"," NULL
"
"1","  .."
"1",""
"1","$ "
"1",""
"1","vjust        "
"1",""
"1",":"
"1"," NULL
"
"1","  .."
"1",""
"1","$ "
"1",""
"1","angle        "
"1",""
"1",":"
"1"," NULL
"
"1","  .."
"1",""
"1","$ "
"1",""
"1","lineheight   "
"1",""
"1",":"
"1"," NULL
"
"1","  .."
"1",""
"1","$ "
"1",""
"1","margin       "
"1",""
"1",":"
"1"," 'margin' num [1:4] "
"1",""
"1","4.4pt 4.4pt 4.4pt 4.4pt"
"1",""
"1","
"
"1","  .. .."
"1",""
"1","- attr(*, ""valid.unit"")="
"1"," int "
"1",""
"1","8"
"1",""
"1","
"
"1","  .. .."
"1",""
"1","- attr(*, ""unit"")="
"1"," chr "
"1",""
"1","""pt"""
"1",""
"1","
"
"1","  .."
"1",""
"1","$ "
"1",""
"1","debug        "
"1",""
"1",":"
"1"," NULL
"
"1","  .."
"1",""
"1","$ "
"1",""
"1","inherit.blank"
"1",""
"1",":"
"1"," logi "
"1",""
"1","TRUE"
"1",""
"1","
"
"1","  .."
"1",""
"1","- attr(*, ""class"")="
"1"," chr [1:2] "
"1",""
"1","""element_text"" ""element"""
"1",""
"1","
"
"1"," "
"1",""
"1","$ "
"1",""
"1","strip.text.x         "
"1",""
"1",":"
"1"," NULL
"
"1"," "
"1",""
"1","$ "
"1",""
"1","strip.text.y         "
"1",""
"1",":"
"1","List"
"1",""
"1"," of "
"1",""
"1","11"
"1",""
"1","
"
"1","  .."
"1",""
"1","$ "
"1",""
"1","family       "
"1",""
"1",":"
"1"," NULL
"
"1","  .."
"1",""
"1","$ "
"1",""
"1","face         "
"1",""
"1",":"
"1"," NULL
"
"1","  .."
"1",""
"1","$ "
"1",""
"1","colour       "
"1",""
"1",":"
"1"," NULL
"
"1","  .."
"1",""
"1","$ "
"1",""
"1","size         "
"1",""
"1",":"
"1"," NULL
"
"1","  .."
"1",""
"1","$ "
"1",""
"1","hjust        "
"1",""
"1",":"
"1"," NULL
"
"1","  .."
"1",""
"1","$ "
"1",""
"1","vjust        "
"1",""
"1",":"
"1"," NULL
"
"1","  .."
"1",""
"1","$ "
"1",""
"1","angle        "
"1",""
"1",":"
"1"," num "
"1",""
"1","-90"
"1",""
"1","
"
"1","  .."
"1",""
"1","$ "
"1",""
"1","lineheight   "
"1",""
"1",":"
"1"," NULL
"
"1","  .."
"1",""
"1","$ "
"1",""
"1","margin       "
"1",""
"1",":"
"1"," NULL
"
"1","  .."
"1",""
"1","$ "
"1",""
"1","debug        "
"1",""
"1",":"
"1"," NULL
"
"1","  .."
"1",""
"1","$ "
"1",""
"1","inherit.blank"
"1",""
"1",":"
"1"," logi "
"1",""
"1","TRUE"
"1",""
"1","
"
"1","  .."
"1",""
"1","- attr(*, ""class"")="
"1"," chr [1:2] "
"1",""
"1","""element_text"" ""element"""
"1",""
"1","
"
"1"," "
"1",""
"1","$ "
"1",""
"1","strip.switch.pad.grid"
"1",""
"1",":"
"1"," 'unit' num "
"1",""
"1","2.75pt"
"1",""
"1","
"
"1","  .."
"1",""
"1","- attr(*, ""valid.unit"")="
"1"," int "
"1",""
"1","8"
"1",""
"1","
"
"1","  .."
"1",""
"1","- attr(*, ""unit"")="
"1"," chr "
"1",""
"1","""pt"""
"1",""
"1","
"
"1"," "
"1",""
"1","$ "
"1",""
"1","strip.switch.pad.wrap"
"1",""
"1",":"
"1"," 'unit' num "
"1",""
"1","2.75pt"
"1",""
"1","
"
"1","  .."
"1",""
"1","- attr(*, ""valid.unit"")="
"1"," int "
"1",""
"1","8"
"1",""
"1","
"
"1","  .."
"1",""
"1","- attr(*, ""unit"")="
"1"," chr "
"1",""
"1","""pt"""
"1",""
"1","
"
"1"," "
"1",""
"1","- attr(*, ""class"")="
"1"," chr [1:2] "
"1",""
"1","""theme"" ""gg"""
"1",""
"1","
"
"1"," "
"1",""
"1","- attr(*, ""complete"")="
"1"," logi "
"1",""
"1","TRUE"
"1",""
"1","
"
"1"," "
"1",""
"1","- attr(*, ""validate"")="
"1"," logi "
"1",""
"1","TRUE"
"1",""
"1","
"
